fac_cd,fac_nm,ctp_cd,ctp_nm,sig_cd,sig_nm,emd_cd,emd_nm,all_addr_nm,lat,lon
502040,국립강릉원주대학교,5100000000,강원특별자치도,5115000000,강릉시,5115013200,지변동,강원특별자치도 강릉시 죽헌길 7 (지변동) ,37.76833197399259,128.87081361799437
502041,국립강릉원주대학교,5100000000,강원특별자치도,5113000000,원주시,5113037021,흥업면,강원특별자치도 원주시 흥업면 남원로 150 ,37.30461153998765,127.92145721700024
502042,강원대학교,5100000000,강원특별자치도,5111000000,춘천시,5111011200,효자동,강원특별자치도 춘천시 강원대학길 1 (효자동) ,37.8674227580035,127.74295686896238
502043,강원대학교,5100000000,강원특별자치도,5123000000,삼척시,5123011000,마달동,강원특별자치도 삼척시 중앙로 346 (교동) ,37.45112260701555,129.15962543002203
502044,경북대학교,2700000000,대구광역시,2723000000,북구,2723011000,대현동,"대구광역시 북구 대학로 80 (산격동, 경북대학교) ",35.887720187988386,128.60771577698478
502045,경상국립대학교,4800000000,경상남도,4817000000,진주시,4817013100,가좌동,경상남도 진주시 진주대로 501 (가좌동) ,35.153847333009736,128.09542251303242
502046,국립공주대학교,4400000000,충청남도,4415000000,공주시,4415012000,신관동,"충청남도 공주시 공주대학로 56 (신관동, 공주대학교) ",36.47150817803291,127.14382769001332
502047,국립군산대학교,5200000000,전북특별자치도,5213000000,군산시,5213014500,미룡동,"전라북도 군산시 대학로 558 (미룡동, 군산대학교) ",35.9499276440352,126.68272732399276
502048,국립금오공과대학교,4700000000,경상북도,4719000000,구미시,4719012600,양호동,"경상북도 구미시 대학로 61 (양호동, 금오공과대학교) ",36.14691289902125,128.3891054599901
502049,국립목포대학교,4600000000,전라남도,4684000000,무안군,4684033023,청계면,"전라남도 무안군 청계면 영산로 1666 (도림리, 목포대학교) ",34.905790658027385,126.43298245899308
502050,국립목포해양대학교,4600000000,전라남도,4611000000,목포시,4611015700,죽교동,"전라남도 목포시 해양대학로 91 (죽교동, 목포해양대학교) ",34.790646570029296,126.36380972100147
502051,국립부경대학교,2600000000,부산광역시,2629000000,남구,2629010600,대연동,"부산광역시 남구 용소로 45 (대연동, 부경대학교대연캠퍼스) ",35.13161703099136,129.1046122719815
502052,부산대학교,2600000000,부산광역시,2641000000,금정구,2641010800,장전동,"부산광역시 금정구 부산대학로63번길 2 (장전동, 부산대학교) ",35.23147554403204,129.0840635939944
502053,서울대학교,1100000000,서울특별시,1162000000,관악구,1162010100,봉천동,"서울특별시 관악구 관악로 1 (신림동, 서울대학교) ",37.46855737900059,126.95702545895914
502054,국립순천대학교,4600000000,전라남도,4615000000,순천시,4615010800,석현동,"전라남도 순천시 중앙로 255 (석현동, 순천대학교) ",34.97044434802942,127.4784001570143
502055,국립경국대학교,4700000000,경상북도,4717000000,안동시,4717013700,송천동,"경상북도 안동시 경동로 1375 (송천동, 안동대학교) ",36.54007145301081,128.80005006002384
502056,전남대학교,2900000000,광주광역시,2917000000,북구,2917010700,용봉동,"광주광역시 북구 용봉로 45 (용봉동, 전남대학교) ",35.17265327200904,126.90344113902114
502057,전남대학교,4600000000,전라남도,4613000000,여수시,4613012200,미평동,"전라남도 여수시 대학로 50 (둔덕동, 전남대학교여수캠퍼스) ",34.77312541297566,127.69942414503896
502058,전북대학교,5200000000,전북특별자치도,5211300000,전주시 덕진구,5211310500,덕진동1가,"전라북도 전주시 덕진구 백제대로 567 (금암동, 전북대학교) ",35.846313694998614,127.12851749798983
502059,제주대학교,5000000000,제주특별자치도,5011000000,제주시,5011011700,아라일동,"제주특별자치도 제주시 제주대학로 102 (아라일동, 제주대학교) ",33.45583376601457,126.56196914198702
502060,국립창원대학교,4800000000,경상남도,4812100000,창원시 의창구,4812111700,퇴촌동,"경상남도 창원시 의창구 창원대학로 20 (사림동, 창원대학교) ",35.24347454496693,128.69288990698155
502061,충남대학교,3000000000,대전광역시,3020000000,유성구,3020012200,궁동,"대전광역시 유성구 대학로 99 (궁동, 충남대학교) ",36.3652252050107,127.3466201840243
502062,충북대학교,4300000000,충청북도,4311200000,청주시 서원구,4311210900,개신동,"충청북도 청주시 서원구 충대로 1 (개신동, 충북대학교) ",36.62754231401112,127.4621276009948
502063,한국교원대학교,4300000000,충청북도,4311300000,청주시 흥덕구,4311331030,강내면,"충청북도 청주시 흥덕구 강내면 태성탑연로 250 (다락리, 한국교원대학교) ",36.60760821701855,127.35858397895822
502064,한국체육대학교,1100000000,서울특별시,1171000000,송파구,1171011100,방이동,"서울특별시 송파구 양재대로 1239 (방이동, 한국체육대학교) ",37.51848823198485,127.12971904301172
502065,국립한국해양대학교,2600000000,부산광역시,2620000000,영도구,2620012100,동삼동,"부산광역시 영도구 태종로 727 (동삼동, 한국해양대학교) ",35.07739893400195,129.08861897101227
502066,국립한국교통대학교,4300000000,충청북도,4313000000,충주시,4313033529,대소원면,"충청북도 충주시 대소원면 대학로 50 (검단리, 한국교통대학교) ",36.97229104198141,127.8719299870362
502067,서울과학기술대학교,1100000000,서울특별시,1135000000,노원구,1135010300,공릉동,"서울특별시 노원구 공릉로 232 (공릉동, 서울과학기술대학교) ",37.6347530039664,127.08030555000344
502068,한경국립대학교,4100000000,경기도,4155000000,안성시,4155011800,석정동,"경기도 안성시 중앙로 327 (석정동, 한경대학교) ",37.01173856602443,127.265827983971
502069,국립한밭대학교,3000000000,대전광역시,3020000000,유성구,3020011300,덕명동,"대전광역시 유성구 동서대로 125 (덕명동, 한밭대학교) ",36.35483849903076,127.30247440600304
502070,서울시립대학교,1100000000,서울특별시,1123000000,동대문구,1123010400,전농동,"서울특별시 동대문구 서울시립대로 163 (전농동, 서울시립대학교) ",37.58252260200938,127.05921030897
502071,가톨릭대학교,4100000000,경기도,4119200000,부천시 원미구,4119210600,소사동,"경기도 부천시 원미구 지봉로 43 (역곡동, 가톨릭대학교성심교정) ",37.48748500399577,126.7985672140076
502072,가톨릭대학교,1100000000,서울특별시,1165000000,서초구,1165010700,반포동,"서울특별시 서초구 반포대로 222 (반포동, 가톨릭대학교성의교정) ",37.49985827798417,127.00608551601728
502073,가톨릭대학교,1100000000,서울특별시,1111000000,종로구,1111016900,혜화동,"서울특별시 종로구 창경궁로 296-12 (혜화동, 가톨릭대학교성신교정) ",37.58599045799452,127.0060233819745
502074,감리교신학대학교,1100000000,서울특별시,1141000000,서대문구,1141010500,냉천동,"서울특별시 서대문구 독립문로 56 (냉천동, 감리교신학대학) ",37.5679165520327,126.9618929429562
502075,강남대학교,4100000000,경기도,4146300000,용인시 기흥구,4146310200,구갈동,"경기도 용인시 기흥구 강남로 40 (구갈동, 강남대학교) ",37.27679168401187,127.1333944649624
502076,건국대학교,1100000000,서울특별시,1121500000,광진구,1121510700,화양동,"서울특별시 광진구 능동로 120 (화양동, 건국대학교) ",37.54341658201925,127.07818913096196
502077,건국대학교(글로컬),4300000000,충청북도,4313000000,충주시,4313010900,단월동,"충청북도 충주시 충원대로 268 (단월동, 건국대학교 글로컬캠퍼스) ",36.9482397539971,127.90602675502312
502078,건양대학교,4400000000,충청남도,4423000000,논산시,4423041027,은진면,"충청남도 논산시 대학로 121 (내동, 건양대학교) ",36.18203856998706,127.11170457604184
502079,건양대학교,3000000000,대전광역시,3017000000,서구,3017011600,관저동,"대전광역시 서구 관저동로 158 (관저동, 건양대학교병원) ",36.30682219303601,127.34264048696636
502080,경기대학교,4100000000,경기도,4111700000,수원시 영통구,4111710300,이의동,"경기도 수원시 영통구 광교산로 154-42 (이의동, 경기대학교) ",37.30119998498446,127.03997807996194
502081,경기대학교,1100000000,서울특별시,1141000000,서대문구,1141010100,충정로2가,"서울특별시 서대문구 경기대로9길 24 (충정로2가, 경기대학교) ",37.56475122400975,126.96224300896642
502082,경남대학교,4800000000,경상남도,4812500000,창원시 마산합포구,4812513400,월영동,"경상남도 창원시 마산합포구 경남대학로 7 (월영동, 경남대학교) ",35.1841903199675,128.55273941097386
502083,경동대학교,5100000000,강원특별자치도,5182000000,고성군,5182033035,토성면,강원특별자치도 고성군 토성면 봉포4길 46 ,38.2507546170116,128.55767454098643
502084,대구한의대학교,4700000000,경상북도,4729000000,경산시,4729012200,유곡동,경상북도 경산시 한의대로 1(유곡동) ,35.796321362973714,128.77460749700262
502085,경성대학교,2600000000,부산광역시,2629000000,남구,2629010600,대연동,"부산광역시 남구 수영로 309 (대연동, 경성대학교) ",35.13835282800086,129.095502659974
502086,가천대학교,4100000000,경기도,4113100000,성남시 수정구,4113110700,복정동,"경기도 성남시 수정구 성남대로 1342 (복정동, 가천대학교) ",37.45135621799959,127.12847429800784
502087,경일대학교,4700000000,경상북도,4729000000,경산시,4729025031,하양읍,"경상북도 경산시 하양읍 가마실길 50 (부호리, 경일대학교) ",35.907655382029176,128.80106867903828
502088,신경주대학교,4700000000,경상북도,4713000000,경주시,4713011600,효현동,"경상북도 경주시 태종로 188 (효현동, 경주대학교) ",35.828167463974275,129.16143845700014
502089,경희대학교,1100000000,서울특별시,1123000000,동대문구,1123010800,회기동,"서울특별시 동대문구 경희대로 26 (회기동, 경희대학교) ",37.59444127803206,127.0509388219785
502090,계명대학교,2700000000,대구광역시,2729000000,달서구,2729012500,호산동,"대구광역시 달서구 달구벌대로 1095 (신당동, 계명대학교성서캠퍼스) ",35.85545197899135,128.47941593103485
502091,고려대학교,1100000000,서울특별시,1129000000,성북구,1129012500,안암동5가,"서울특별시 성북구 안암로 145 (안암동5가, 고려대학교안암캠퍼스(인문사회계)) ",37.5914274459892,127.02887471997356
502092,고려대학교(세종),3600000000,세종특별자치시,3611000000,,3611025034,조치원읍,"세종특별자치시 조치원읍 세종로 2511 (서창리, 고려대학교세종캠퍼스) ",36.6116961819735,127.2927201599832
502093,고신대학교,2600000000,부산광역시,2620000000,영도구,2620012100,동삼동,"부산광역시 영도구 와치로 194 (동삼동, 고신대학교) ",35.078481572974844,129.06385576898575
502094,가톨릭관동대학교,5100000000,강원특별자치도,5115000000,강릉시,5115011600,내곡동,강원특별자치도 강릉시 범일로579번길 24 (내곡동) ,37.73659861500951,128.8765369769988
502095,광신대학교,2900000000,광주광역시,2917000000,북구,2917012600,본촌동,"광주광역시 북구 양산택지소로 36 (본촌동, 광신대학교) ",35.21572536897496,126.88465661597763
502096,광운대학교,1100000000,서울특별시,1135000000,노원구,1135010200,월계동,"서울특별시 노원구 광운로 20 (월계동, 광운대학교) ",37.62013710903006,127.0588156690046
502097,광주가톨릭대학교,4600000000,전라남도,4617000000,나주시,4617025030,남평읍,"전라남도 나주시 남평읍 중남길 12-25 (남석리, 광주가톨릭대학교) ",35.015092404029986,126.86424900699728
502098,광주여자대학교,2900000000,광주광역시,2920000000,광산구,2920012700,산정동,광주광역시 광산구 광주여대길 40 (산정동) ,35.163165836014834,126.79640857100368
502099,국민대학교,1100000000,서울특별시,1129000000,성북구,1129013300,정릉동,"서울특별시 성북구 정릉로 77 (정릉동, 국민대학교) ",37.61194585802313,126.998038139016
502100,강서대학교,1100000000,서울특별시,1150000000,강서구,1150010300,화곡동,"서울특별시 강서구 까치산로24길 47 (화곡동, 케이씨대학교) ",37.548669016033216,126.85413465297016
502101,극동대학교,4300000000,충청북도,4377000000,음성군,4377037031,감곡면,"충청북도 음성군 감곡면 대학길 76-32 (왕장리, 극동대학교) ",37.128254341998414,127.64187083901552
502102,나사렛대학교,4400000000,충청남도,4413300000,천안시 서북구,4413310700,쌍용동,"충청남도 천안시 서북구 월봉로 48 (쌍용동, 나사렛대학교) ",36.79568614897343,127.11900585503808
502103,단국대학교,4100000000,경기도,4146500000,용인시 수지구,4146510200,죽전동,"경기도 용인시 수지구 죽전로 152 (죽전동, 단국대학교) ",37.31996466400064,127.12556203199144
502104,대구대학교,4700000000,경상북도,4729000000,경산시,4729025329,진량읍,"경상북도 경산시 진량읍 대구대로 201 (내리리, 대구대학교경산캠퍼스) ",35.90021498601729,128.8547715650055
502105,대구예술대학교,4700000000,경상북도,4785000000,칠곡군,4785033034,가산면,"경상북도 칠곡군 가산면 다부거문1길 202 (다부리, 대구예술대학교) ",36.03218254902082,128.50948409300852
502106,대구가톨릭대학교,4700000000,경상북도,4729000000,경산시,4729025021,하양읍,"경상북도 경산시 하양읍 하양로 13-13 (금락리, 대구가톨릭대학교) ",35.91511521699591,128.80700417196311
502107,세한대학교,4600000000,전라남도,4683000000,영암군,4683025326,삼호읍,"전라남도 영암군 삼호읍 녹색로 1113 (산호리, 세한대학교) ",34.74651410902112,126.4822779650262
502108,대신대학교,4700000000,경상북도,4729000000,경산시,4729010600,백천동,"경상북도 경산시 경청로222길 33 (백천동, 대신대학교) ",35.80438353697124,128.74543892699873
502109,대전가톨릭대학교,3600000000,세종특별자치시,3611000000,,3611037030,전의면,"세종특별자치시 전의면 가톨릭대학로 30 (신방리, 대전가톨릭대학교) ",36.65423282701372,127.19332480198118
502110,대전대학교,3000000000,대전광역시,3011000000,동구,3011010900,용운동,"대전광역시 동구 대학로 62 (용운동, 대전대학교) ",36.33376271803035,127.46116578497104
502111,대진대학교,4100000000,경기도,4165000000,포천시,4165010300,자작동,"경기도 포천시 호국로 1007 (선단동, 대진대학교) ",37.87414313503174,127.15830583699832
502112,서울기독대학교,1100000000,서울특별시,1138000000,은평구,1138010900,신사동,"서울특별시 은평구 갈현로4길 26-2 (신사동, 서울기독대학교) ",37.601127511971264,126.9121225049986
502113,덕성여자대학교,1100000000,서울특별시,1132000000,도봉구,1132010500,쌍문동,"서울특별시 도봉구 삼양로144길 33 (쌍문동, 덕성여자대학교) ",37.65246240398754,127.0158411890109
502114,동국대학교,1100000000,서울특별시,1114000000,중구,1114014400,장충동2가,"서울특별시 중구 필동로1길 30 (장충동2가, 동국대학교) ",37.55734559202141,127.0025589490414
502115,동국대학교(WISE),4700000000,경상북도,4713000000,경주시,4713014400,석장동,경상북도 경주시 동대로 123(석장동) ,35.86333763297321,129.1911608039712
502116,동덕여자대학교,1100000000,서울특별시,1129000000,성북구,1129013700,상월곡동,"서울특별시 성북구 화랑로13길 60 (하월곡동, 동덕여자대학교) ",37.60752069101637,127.0429045039662
502117,동서대학교,2600000000,부산광역시,2653000000,사상구,2653010600,주례동,"부산광역시 사상구 주례로 47 (주례동, 동서대학교) ",35.14441332800698,129.0144544319799
502118,동신대학교,4600000000,전라남도,4617000000,나주시,4617011600,대호동,전라남도 나주시 동신대길 67 (대호동) ,35.04969497301244,126.7179851120228
502119,동아대학교,2600000000,부산광역시,2638000000,사하구,2638010300,하단동,"부산광역시 사하구 낙동대로550번길 37 (하단동, 동아대학교) ",35.11605948501688,128.96831675399196
502120,동양대학교,4700000000,경상북도,4721000000,영주시,4721025023,풍기읍,"경상북도 영주시 풍기읍 동양대로 145 (산법리, 동양대학교) ",36.880805395973454,128.53752566504372
502121,동의대학교,2600000000,부산광역시,2623000000,부산진구,2623011000,가야동,"부산광역시 부산진구 엄광로 176 (가야동, 동의대학교) ",35.14373104799813,129.0353173979659
502122,루터대학교,4100000000,경기도,4146300000,용인시 기흥구,4146310300,상갈동,"경기도 용인시 기흥구 금화로82번길 20 (상갈동, 루터대학교) ",37.2650641740081,127.113622377035
502123,명지대학교,4100000000,경기도,4146100000,용인시 처인구,4146110400,남동,"경기도 용인시 처인구 명지로 116 (남동, 명지대학교용인캠퍼스) ",37.22412455703375,127.18733584699002
502124,명지대학교,1100000000,서울특별시,1141000000,서대문구,1141012000,남가좌동,"서울특별시 서대문구 거북골로 34 (남가좌동, 명지대학교) ",37.580243114025954,126.92255941898122
502125,목원대학교,3000000000,대전광역시,3017000000,서구,3017011500,도안동,"대전광역시 서구 도안북로 88 (도안동, 목원대학교) ",36.32438637397679,127.33787689501835
502126,배재대학교,3000000000,대전광역시,3017000000,서구,3017010300,도마동,"대전광역시 서구 배재로 155-40 (도마동, 배재대학교) ",36.32191783698264,127.3672424309789
502127,부산가톨릭대학교,2600000000,부산광역시,2641000000,금정구,2641010900,부곡동,"부산광역시 금정구 오륜대로 57 (부곡동, 부산가톨릭대학교) ",35.24499444797372,129.098201305987
502128,부산외국어대학교,2600000000,부산광역시,2641000000,금정구,2641010400,남산동,"부산광역시 금정구 금샘로485번길 65 (남산동, 부산외국어대학교) ",35.26711852997822,129.0810380530258
502129,삼육대학교,1100000000,서울특별시,1135000000,노원구,1135010300,공릉동,"서울특별시 노원구 화랑로 815 (공릉동, 삼육대학교) ",37.64052451499044,127.10850700598952
502130,상명대학교,1100000000,서울특별시,1111000000,종로구,1111018500,홍지동,"서울특별시 종로구 홍지문2길 20 (홍지동, 상명대학교) ",37.60310035098762,126.95567856499714
502131,상지대학교,5100000000,강원특별자치도,5113000000,원주시,5113011100,우산동,강원특별자치도 원주시 상지대길 83 (우산동) ,37.37103654198916,127.92583585803185
502132,서강대학교,1100000000,서울특별시,1144000000,마포구,1144011100,신수동,"서울특별시 마포구 백범로 35 (신수동, 서강대학교) ",37.55194227302072,126.93958572799949
502133,서경대학교,1100000000,서울특별시,1129000000,성북구,1129013300,정릉동,"서울특별시 성북구 서경로 124 (정릉동, 서경대학교) ",37.615328823984925,127.01141295603496
502134,서울신학대학교,4100000000,경기도,4119400000,부천시 소사구,4119410100,소사본동,"경기도 부천시 소사구 호현로489번길 52 (소사본동, 서울신학대학교) ",37.47869118299687,126.79055918303614
502135,서울여자대학교,1100000000,서울특별시,1135000000,노원구,1135010300,공릉동,"서울특별시 노원구 화랑로 621 (공릉동, 서울여자대학교) ",37.6269556979782,127.09344342001684
502136,서울장신대학교,4100000000,경기도,4161000000,광주시,4161010100,경안동,"경기도 광주시 경안로 145 (경안동, 서울장신대학교) ",37.41039348099963,127.24698497997366
502137,서원대학교,4300000000,충청북도,4311200000,청주시 서원구,4311210300,모충동,"충청북도 청주시 서원구 무심서로 377-3 (모충동, 서원대학교) ",36.62595624198873,127.48210862501986
502138,선문대학교,4400000000,충청남도,4420000000,아산시,4420033026,탕정면,"충청남도 아산시 탕정면 선문로221번길 70 (갈산리, 선문대학교) ",36.797451618988205,127.07596294803358
502139,성결대학교,4100000000,경기도,4117100000,안양시 만안구,4117110100,안양동,"경기도 안양시 만안구 성결대학로 53 (안양동, 성결대학교) ",37.38032981401505,126.92760548096012
502140,성공회대학교,1100000000,서울특별시,1153000000,구로구,1153011200,항동,"서울특별시 구로구 연동로 320 (항동, 성공회대학교) ",37.48834487097239,126.8250309000073
502141,성균관대학교,1100000000,서울특별시,1111000000,종로구,1111017300,명륜3가,"서울특별시 종로구 성균관로 25-2 (명륜3가, 성균관대학교) ",37.587986948997,126.99462223100844
502142,성신여자대학교,1100000000,서울특별시,1129000000,성북구,1129011800,동선동3가,"서울특별시 성북구 보문로34다길 2 (돈암동, 성신여자대학교) ",37.592344056013175,127.02129967301644
502143,세명대학교,4300000000,충청북도,4315000000,제천시,4315011200,신월동,"충청북도 제천시 세명로 65 (신월동, 세명대학교) ",37.17627017097557,128.19646316700818
502144,세종대학교,1100000000,서울특별시,1121500000,광진구,1121510900,군자동,"서울특별시 광진구 능동로 209 (군자동, 세종대학교) ",37.54994491097712,127.07456619703436
502145,수원가톨릭대학교,4100000000,경기도,4159000000,화성시,4159025328,봉담읍,"경기도 화성시 봉담읍 왕림1길 67 (왕림리, 수원가톨릭대학교) ",37.19309631100568,126.93487560701112
502146,수원대학교,4100000000,경기도,4159000000,화성시,4159025325,봉담읍,"경기도 화성시 봉담읍 와우안길 17 (와우리, 수원대학교) ",37.20807333801334,126.98017820095995
502147,숙명여자대학교,1100000000,서울특별시,1117000000,용산구,1117011000,청파동2가,"서울특별시 용산구 청파로47길 90 (청파동2가, 숙명여자대학교) ",37.54529923897416,126.96534477099874
502148,순천향대학교,4400000000,충청남도,4420000000,아산시,4420041022,신창면,"충청남도 아산시 신창면 순천향로 22 (읍내리, 순천향대학교) ",36.76835119601523,126.92893731897829
502149,숭실대학교,1100000000,서울특별시,1159000000,동작구,1159010200,상도동,"서울특별시 동작구 상도로 369 (상도동, 숭실대학교) ",37.496617801974345,126.95408906203824
502150,신라대학교,2600000000,부산광역시,2653000000,사상구,2653010400,괘법동,"부산광역시 사상구 백양대로700번길 140 (괘법동, 신라대학교) ",35.1692333489667,128.9952846240263
502151,아신대학교,4100000000,경기도,4183000000,양평군,4183034024,옥천면,경기도 양평군 옥천면 경강로 1276 아신대학교,37.51120334896759,127.42910104101144
502152,아주대학교,4100000000,경기도,4111700000,수원시 영통구,4111710200,원천동,"경기도 수원시 영통구 월드컵로 206 (원천동, 아주대학교) ",37.284478040035175,127.04803369101091
502153,안양대학교,4100000000,경기도,4117100000,안양시 만안구,4117110100,안양동,"경기도 안양시 만안구 삼덕로37번길 22 (안양동, 안양대학교) ",37.39178641602956,126.92046361196364
502154,안양대학교,2800000000,인천광역시,2871000000,강화군,2871032027,불은면,"인천광역시 강화군 불은면 중앙로 602-14 (삼성리, 안양대학교강화캠퍼스) ",37.71100389597782,126.44471138598236
502155,연세대학교,1100000000,서울특별시,1141000000,서대문구,1141011400,신촌동,"서울특별시 서대문구 연세로 50 (신촌동, 연세대학교) ",37.56434395998294,126.93891399100656
502156,연세대학교(미래),5100000000,강원특별자치도,5113000000,원주시,5113037022,흥업면,강원특별자치도 원주시 흥업면 연세대길 1 연세대학교 미래캠퍼스,37.27788564999084,127.90348632398104
502157,영남대학교,4700000000,경상북도,4729000000,경산시,4729011800,조영동,"경상북도 경산시 대학로 280 (대동, 영남대학교) ",35.833934907024684,128.76188329596732
502158,영남신학대학교,4700000000,경상북도,4729000000,경산시,4729025324,진량읍,"경상북도 경산시 진량읍 봉회1길 26 (봉회리, 영남신학대학교) ",35.881243842972275,128.81583227998803
502159,유원대학교,4300000000,충청북도,4374000000,영동군,4374025031,영동읍,충청북도 영동군 영동읍 대학로 310 ,36.1987604960279,127.79810215597594
502160,영산선학대학교,4600000000,전라남도,4687000000,영광군,4687025322,백수읍,전라남도 영광군 백수읍 성지로 1357 (길용리) ,35.32662291500715,126.44192019301347
502161,용인대학교,4100000000,경기도,4146100000,용인시 처인구,4146110300,삼가동,"경기도 용인시 처인구 용인대학로 134 (삼가동, 용인대학교) ",37.22639058601978,127.1688130189991
502162,우석대학교,5200000000,전북특별자치도,5271000000,완주군,5271025022,삼례읍,"전라북도 완주군 삼례읍 삼례로 443 (후정리, 우석대학교) ",35.914839133006375,127.06750449998204
502163,울산대학교,3100000000,울산광역시,3114000000,남구,3114010100,무거동,"울산광역시 남구 대학로 93 (무거동, 울산대학교) ",35.54641536498752,129.2580726500183
502164,원광대학교,5200000000,전북특별자치도,5214000000,익산시,5214012100,신동,"전라북도 익산시 익산대로 460 (신동, 원광대학교) ",35.968923171015746,126.96078843700562
502165,위덕대학교,4700000000,경상북도,4713000000,경주시,4713037026,강동면,"경상북도 경주시 강동면 동해대로 261 (유금리, 위덕대학교) ",36.01188060198762,129.28417541997612
502166,을지대학교,3000000000,대전광역시,3014000000,중구,3014010300,목동,"대전광역시 중구 계룡로771번길 77 (목동, 을지대학교대전캠퍼스) ",36.332959762019215,127.40571376496976
502167,을지대학교,4100000000,경기도,4113100000,성남시 수정구,4113110600,양지동,"경기도 성남시 수정구 산성대로 553 (양지동, 을지대학교) ",37.46141019802235,127.16561617002446
502168,이화여자대학교,1100000000,서울특별시,1141000000,서대문구,1141011200,대현동,"서울특별시 서대문구 이화여대길 52 (대현동, 이화여자대학교) ",37.56031182701277,126.9446956699867
502169,인제대학교,4800000000,경상남도,4825000000,김해시,4825011800,어방동,"경상남도 김해시 인제로 197 (어방동, 인제대학교) ",35.25133566801062,128.90106680695527
502170,인제대학교,2600000000,부산광역시,2623000000,부산진구,2623011100,개금동,"부산광역시 부산진구 복지로 75 (개금동, 백병원) ",35.1464871660072,129.02122227698737
502171,인천가톨릭대학교,2800000000,인천광역시,2818500000,연수구,2818510600,송도동,인천광역시 연수구 송도문화로120번길 20 (송도동) 인천가톨릭대학교,37.37262428702039,126.66350700799282
502172,인천가톨릭대학교,2800000000,인천광역시,2871000000,강화군,2871035027,양도면,"인천광역시 강화군 양도면 고려왕릉로 53-1 (도장리, 인천가톨릭대학교) ",37.65789755001025,126.44702155501176
502173,인하대학교,2800000000,인천광역시,2817700000,미추홀구,2817710200,용현동,인천광역시 미추홀구 인하로 100(용현동) 인하대학교,37.45016946601503,126.65521452602562
502174,장로회신학대학교,1100000000,서울특별시,1121500000,광진구,1121510400,광장동,"서울특별시 광진구 광장로5길 25-1 (광장동, 장로회신학대학교) ",37.549338778003225,127.10489916097389
502175,전주대학교,5200000000,전북특별자치도,5211100000,전주시 완산구,5211114200,효자동3가,"전라북도 전주시 완산구 천잠로 303 (효자동2가, 전주대학교) ",35.81709249699895,127.08501643303266
502176,조선대학교,2900000000,광주광역시,2911000000,동구,2911011800,서석동,광주광역시 동구 조선대길 146(서석동) ,35.14273957396553,126.934704353982
502177,중부대학교,4400000000,충청남도,4471000000,금산군,4471039023,추부면,"충청남도 금산군 추부면 대학로 201 (마전리, 중부대학교) ",36.193200115990265,127.44991883395572
502178,중앙대학교,4100000000,경기도,4155000000,안성시,4155035028,대덕면,"경기도 안성시 대덕면 서동대로 4726 (내리, 중앙대학교) ",37.00330594400919,127.23125366196707
502179,중앙대학교,1100000000,서울특별시,1159000000,동작구,1159010500,흑석동,"서울특별시 동작구 흑석로 84 (흑석동, 중앙대학교) ",37.504569610014606,126.9559530030114
502180,중앙승가대학교,4100000000,경기도,4157000000,김포시,4157010700,풍무동,경기도 김포시 승가로 123 (풍무동) ,37.60547407698613,126.70628852303624
502181,백석대학교,4400000000,충청남도,4413100000,천안시 동남구,4413111900,안서동,충청남도 천안시 동남구 백석대학로 1 (안서동) ,36.83883153597802,127.18252048998306
502182,청주대학교,4300000000,충청북도,4311400000,청주시 청원구,4311410100,우암동,"충청북도 청주시 청원구 대성로 298 (내덕동, 청주대학교) ",36.65173966401472,127.492690634977
502183,총신대학교,1100000000,서울특별시,1159000000,동작구,1159010700,사당동,"서울특별시 동작구 사당로 143 (사당동, 총신대학교) ",37.4886785450076,126.96709566501212
502184,추계예술대학교,1100000000,서울특별시,1141000000,서대문구,1141011000,북아현동,"서울특별시 서대문구 북아현로11가길 7 (북아현동, 추계예술대학교) ",37.56257197301159,126.95387922097775
502185,한국침례신학대학교,3000000000,대전광역시,3020000000,유성구,3020013200,하기동,"대전광역시 유성구 북유성대로 190 (하기동, 침례신학대학) ",36.38521816001249,127.3254139600003
502186,칼빈대학교,4100000000,경기도,4146300000,용인시 기흥구,4146311300,마북동,"경기도 용인시 기흥구 마북로 184 (마북동, 칼빈대학교) ",37.3053627509954,127.1294110730439
502187,평택대학교,4100000000,경기도,4122000000,평택시,4122012400,용이동,"경기도 평택시 서동대로 3825 (용이동, 평택대학교) ",36.99563529799802,127.13406439301784
502188,차의과학대학교,4100000000,경기도,4165000000,포천시,4165010600,동교동,"경기도 포천시 해룡로 120 (동교동, 포천중문의과대학) 차의과학대학교",37.8564428359856,127.13738895897988
502189,포항공과대학교,4700000000,경상북도,4711100000,포항시 남구,4711111500,지곡동,"경상북도 포항시 남구 청암로 77 (지곡동, 포항공과대학교) ",36.017599145027646,129.32209140800234
502190,한국기술교육대학교,4400000000,충청남도,4413100000,천안시 동남구,4413136021,병천면,"충청남도 천안시 동남구 병천면 충절로 1600 (가전리, 한국기술교육대학교) ",36.76174375799303,127.27984053297644
502191,한국성서대학교,1100000000,서울특별시,1135000000,노원구,1135010500,상계동,"서울특별시 노원구 동일로214길 32 (상계동, 한국성서대학교) ",37.64894651703515,127.06374723602926
502192,한국외국어대학교,1100000000,서울특별시,1123000000,동대문구,1123011000,이문동,"서울특별시 동대문구 이문로 107 (이문동, 한국외국어대학교) ",37.5972757379885,127.05831344500407
502193,한국항공대학교,4100000000,경기도,4128100000,고양시 덕양구,4128113000,현천동,"경기도 고양시 덕양구 항공대학로 76 (화전동, 한국항공대학교) ",37.59755152997235,126.86487857302836
502194,한남대학교,3000000000,대전광역시,3023000000,대덕구,3023010100,오정동,"대전광역시 대덕구 한남로 70 (오정동, 한남대학교) ",36.35376027599733,127.42362042997333
502195,한동대학교,4700000000,경상북도,4711300000,포항시 북구,4711325031,흥해읍,"경상북도 포항시 북구 흥해읍 한동로 558 (남송리, 한동대학교) ",36.10502067702977,129.38707433703345
502196,한라대학교,5100000000,강원특별자치도,5113000000,원주시,5113037021,흥업면,강원특별자치도 원주시 흥업면 한라대길 28 ,37.30200339197635,127.91097571998938
502197,한림대학교,5100000000,강원특별자치도,5111000000,춘천시,5111012000,후평동,강원특별자치도 춘천시 한림대학길 1 (옥천동) ,37.8861056780176,127.73990466303168
502198,한서대학교,4400000000,충청남도,4421000000,서산시,4421039023,해미면,"충청남도 서산시 해미면 한서1로 46 (대곡리, 한서대학교) ",36.69161611501872,126.58661872599473
502199,한성대학교,1100000000,서울특별시,1129000000,성북구,1129011200,삼선동2가,"서울특별시 성북구 삼선교로16길 116 (삼선동2가, 한성대학교) ",37.5830280670008,127.00955740496724
502200,한세대학교,4100000000,경기도,4141000000,군포시,4141010200,당정동,경기도 군포시 한세로 30 (당정동) ,37.3453898359896,126.95295210696328
502201,한신대학교,4100000000,경기도,4137000000,오산시,4137011200,양산동,"경기도 오산시 한신대길 137 (양산동, 한신대학교) ",37.19515608902999,127.01880622404342
502202,한양대학교,1100000000,서울특별시,1120000000,성동구,1120010600,사근동,"서울특별시 성동구 왕십리로 222 (사근동, 한양대학교) ",37.559568297971374,127.04686068699274
502203,한양대학교(ERICA),4100000000,경기도,4127100000,안산시 상록구,4127110300,사동,"경기도 안산시 상록구 한양대학로 55 (사동, 한양대학교) ",37.30122479801116,126.83402084501036
502204,서울한영대학교,1100000000,서울특별시,1153000000,구로구,1153010700,개봉동,서울특별시 구로구 경인로 290-42 (개봉동) ,37.49658751997422,126.85083001703106
502205,한일장신대학교,5200000000,전북특별자치도,5271000000,완주군,5271032021,상관면,전북특별자치도 완주군 상관면 왜목로 726-15 ,35.763103892971046,127.2065525639796
502206,협성대학교,4100000000,경기도,4159000000,화성시,4159025321,봉담읍,"경기도 화성시 봉담읍 최루백로 72 (상리, 협성대학교) ",37.2124632730328,126.9526971369684
502207,호남대학교,2900000000,광주광역시,2920000000,광산구,2920010500,서봉동,"광주광역시 광산구 호남대길 120 (서봉동, 호남대학본부) ",35.14997792599861,126.7650702460155
502208,호남신학대학교,2900000000,광주광역시,2915500000,남구,2915511300,양림동,"광주광역시 남구 제중로 77 (양림동, 호남신학대학교) ",35.14009851402499,126.91053389604303
502209,호서대학교,4400000000,충청남도,4420000000,아산시,4420025327,배방읍,"충청남도 아산시 배방읍 호서로79번길 20 (세출리, 호서대학교) ",36.73184781697314,127.07614567901678
502210,홍익대학교,1100000000,서울특별시,1144000000,마포구,1144011500,상수동,"서울특별시 마포구 와우산로 94 (상수동, 홍익대학교) ",37.54921747197514,126.92499020902594
502211,가톨릭꽃동네대학교,4300000000,충청북도,4311200000,청주시 서원구,4311232021,현도면,"충청북도 청주시 서원구 현도면 상삼길 133 (상삼리, 꽃동네대학교) ",36.52219837898178,127.40032167499773
502212,남부대학교,2900000000,광주광역시,2920000000,광산구,2920011500,월계동,광주광역시 광산구 남부대길 1 (월계동) ,35.2069619099861,126.84225845698168
502213,예원예술대학교,5200000000,전북특별자치도,5275000000,임실군,5275033021,신평면,"전라북도 임실군 신평면 창인로 117 (창인리, 예원예술학교) ",35.64755826601712,127.27189092402932
502214,예원예술대학교,4100000000,경기도,4163000000,양주시,4163031021,은현면,경기도 양주시 은현면 예원대학로 56 ,37.84556744402988,127.03573354698185
502215,목포가톨릭대학교,4600000000,전라남도,4611000000,목포시,4611016000,석현동,"전라남도 목포시 영산로 697 (석현동, 목포가톨릭대학교) ",34.82679826300255,126.41918657599852
502216,부산장신대학교,4800000000,경상남도,4825000000,김해시,4825010600,구산동,경상남도 김해시 김해대로 1894-68 (구산동) ,35.256866053027736,128.8611843809905
502217,금강대학교,4400000000,충청남도,4423000000,논산시,4423034026,상월면,"충청남도 논산시 상월면 상월로 522 (대명리, 금강대학교) ",36.30680499898207,127.18970700003896
502218,예수대학교,5200000000,전북특별자치도,5211100000,전주시 완산구,5211112700,중화산동1가,"전라북도 전주시 완산구 서원로 383 (중화산동1가, 예수대학교) ",35.815691708963776,127.13417766204115
502219,광주대학교,2900000000,광주광역시,2915500000,남구,2915510800,진월동,"광주광역시 남구 효덕로 277 (진월동, 광주대학교) ",35.106499044033384,126.89547544996095
502220,화성의과학대학교,4100000000,경기도,4159000000,화성시,4159026221,남양읍,경기도 화성시 남양읍 남양중앙로 400-5 ,37.202670211983225,126.84060685097188
502221,동명대학교,2600000000,부산광역시,2629000000,남구,2629010800,용당동,"부산광역시 남구 신선로 428 (용당동, 동명대학교) ",35.119880766963874,129.1015141239614
502222,대전신학대학교,3000000000,대전광역시,3023000000,대덕구,3023010100,오정동,"대전광역시 대덕구 한남로 41 (오정동, 대전신학대학교) ",36.350193315005534,127.42299669400845
502223,중원대학교,4300000000,충청북도,4376000000,괴산군,4376025021,괴산읍,"충청북도 괴산군 괴산읍 문무로 85 (동부리, 중원대학교) ",36.82012092299047,127.79743750399568
502224,우송대학교,3000000000,대전광역시,3011000000,동구,3011011100,자양동,"대전광역시 동구 동대전로 171 (자양동, 우송정보대학) ",36.33813490797837,127.44646700097248
502225,김천대학교,4700000000,경상북도,4715000000,김천시,4715011000,삼락동,"경상북도 김천시 대학로 214 (삼락동, 김천대학교) ",36.139287931998425,128.07877169800628
502226,송원대학교,2900000000,광주광역시,2915500000,남구,2915511200,송하동,"광주광역시 남구 송암로 73 (송하동, 송원대학) ",35.10991636599392,126.87490723604184
502227,경운대학교,4700000000,경상북도,4719000000,구미시,4719025628,산동읍,경상북도 구미시 산동읍 강동로 730 ,36.16829794900959,128.46908896096153
502228,남서울대학교,4400000000,충청남도,4413300000,천안시 서북구,4413325023,성환읍,"충청남도 천안시 서북구 성환읍 대학로 91 (매주리, 남서울대학교) ",36.90941780800411,127.1433652049657
502229,초당대학교,4600000000,전라남도,4684000000,무안군,4684025023,무안읍,"전라남도 무안군 무안읍 무안로 380 (성남리, 초당대학교) ",34.975794186974056,126.47556818298642
502230,한국공학대학교,4100000000,경기도,4139000000,시흥시,4139013200,정왕동,경기도 시흥시 산기대학로 237 (정왕동) ,37.33909855001249,126.73378852099874
502231,제주국제대학교,5000000000,제주특별자치도,5011000000,제주시,5011013600,영평동,제주특별자치도 제주시 516로 2870 (영평동) ,33.44258205500829,126.56893186697324
502232,창신대학교,4800000000,경상남도,4812700000,창원시 마산회원구,4812710600,합성동,"경상남도 창원시 마산회원구 팔용로 262 (합성동, 창신대학) ",35.244911082975364,128.60033408897897
502233,울산과학기술원,3100000000,울산광역시,3171000000,울주군,3171025333,언양읍,"울산광역시 울주군 언양읍 유니스트길 50 (반연리, 울산과학기술원) ",35.57180410099576,129.18981073500368
502234,공주교육대학교,4400000000,충청남도,4415000000,공주시,4415010200,봉황동,"충청남도 공주시 웅진로 27 (봉황동, 공주교육대학교) ",36.44570357799521,127.11915844098576
502235,광주교육대학교,2900000000,광주광역시,2917000000,북구,2917011100,풍향동,"광주광역시 북구 필문대로 55 (풍향동, 광주교육대학교) ",35.163801972032765,126.9260671780198
502236,대구교육대학교,2700000000,대구광역시,2720000000,남구,2720010300,대명동,"대구광역시 남구 중앙대로 219 (대명동, 대구교육대학교) ",35.85329564397612,128.5879512570043
502237,부산교육대학교,2600000000,부산광역시,2647000000,연제구,2647010100,거제동,"부산광역시 연제구 교대로 24 (거제동, 부산교육대학교) 교무처",35.19496881100481,129.0742032899975
502238,서울교육대학교,1100000000,서울특별시,1165000000,서초구,1165010800,서초동,"서울특별시 서초구 서초중앙로 96 (서초동, 서울교육대학교) ",37.4890178990291,127.01570631298972
502239,경인교육대학교,2800000000,인천광역시,2824500000,계양구,2824510200,계산동,"인천광역시 계양구 계산로 62 (계산동, 경인교육대학교) ",37.53889906397419,126.71612590903396
502240,경인교육대학교,4100000000,경기도,4117100000,안양시 만안구,4117110200,석수동,"경기도 안양시 만안구 삼막로 155 (석수동, 경인교육대학교) ",37.434502605034034,126.91688863199236
502241,전주교육대학교,5200000000,전북특별자치도,5211100000,전주시 완산구,5211112500,동서학동,전북특별자치도 전주시 완산구 서학로 50 (동서학동) ,35.809335213002385,127.15467863400696
502242,진주교육대학교,4800000000,경상남도,4817000000,진주시,4817012500,신안동,"경상남도 진주시 진양호로369번길 3 (신안동, 진주교육대학교) ",35.18604623098384,128.06837431896915
502243,청주교육대학교,4300000000,충청북도,4311200000,청주시 서원구,4311210700,수곡동,"충청북도 청주시 서원구 청남로 2065 (수곡동, 청주교육대학교) ",36.61538475803391,127.48372699004037
502244,춘천교육대학교,5100000000,강원특별자치도,5111000000,춘천시,5111012400,석사동,강원특별자치도 춘천시 공지로 126 (석사동) ,37.85803054197492,127.75044264601776
502245,한국방송통신대학교,1100000000,서울특별시,1111000000,종로구,1111016800,동숭동,"서울특별시 종로구 대학로 86 (동숭동, 한국방송통신대학교) ",37.57950871498952,127.0029737499866
502246,호원대학교,5200000000,전북특별자치도,5213000000,군산시,5213033026,임피면,"전라북도 군산시 임피면 호원대3길 64 (월하리, 호원대학교) ",35.96567856401792,126.86632517100372
502247,청운대학교,4400000000,충청남도,4480000000,홍성군,4480025026,홍성읍,"충청남도 홍성군 홍성읍 대학길 25 (남장리, 청운대학교) ",36.58234039297516,126.66426981897403
502248,정석대학,1100000000,서울특별시,1150000000,강서구,1150010800,공항동,서울특별시 강서구 오정로 576 (공항동) ,37.54541435902586,126.8146254799704
502249,순복음총회신학교,4300000000,충청북도,4315000000,제천시,4315034021,덕산면,충청북도 제천시 덕산면 도전로 320 (도전리) ,36.904734510988845,128.16763968904277
502250,경희사이버대학교,1100000000,서울특별시,1123000000,동대문구,1123010800,회기동,"서울특별시 동대문구 경희대로 26 (회기동, 경희사이버대학교) ",37.59444127803206,127.0509388219785
502251,국제사이버대학교,4100000000,경기도,4111500000,수원시 팔달구,4111514100,인계동,경기도 수원시 팔달구 경수대로 490 (인계동) ,37.26959363901221,127.02822331904204
502252,대구사이버대학교,4700000000,경상북도,4729000000,경산시,4729025329,진량읍,"경상북도 경산시 진량읍 대구대로 201 (내리리, 대구대학교경산캠퍼스) ",35.90021498601729,128.8547715650055
502253,부산디지털대학교,2600000000,부산광역시,2653000000,사상구,2653010600,주례동,"부산광역시 사상구 주례로 57 (주례동, 부산디지털대학교) ",35.14618558597991,129.00881594795948
502254,서울디지털대학교,1100000000,서울특별시,1150000000,강서구,1150010300,화곡동,"서울특별시 강서구 공항대로 424 (화곡동, 서울디지털대학교) ",37.55486969802201,126.8539320139728
502255,서울사이버대학교,1100000000,서울특별시,1130500000,강북구,1130510100,미아동,"서울특별시 강북구 솔매로49길 60 (미아동, 서울사이버대학교) ",37.62982706300061,127.02714255295928
502256,세종사이버대학교,1100000000,서울특별시,1121500000,광진구,1121510900,군자동,"서울특별시 광진구 군자로 121 (군자동, 세종사이버대학) ",37.55372836703098,127.07288825502556
502257,한국열린사이버대학교,1100000000,서울특별시,1126000000,중랑구,1126010200,상봉동,"서울특별시 중랑구 망우로 353, C동 9층(상봉프레미어스엠코) ",37.59828213599263,127.09161253902244
502258,원광디지털대학교,5200000000,전북특별자치도,5214000000,익산시,5214012100,신동,"전라북도 익산시 익산대로 460 (신동, 원광디지털대학교) ",35.968923171015746,126.96078843700562
502259,고려사이버대학교,1100000000,서울특별시,1111000000,종로구,1111014800,계동,"서울특별시 종로구 북촌로 106 (계동, 고려사이버대학교) ",37.58697247896763,126.98701813603849
502260,숭실사이버대학교,1100000000,서울특별시,1111000000,종로구,1111013300,익선동,"서울특별시 종로구 삼일대로30길 23 (익선동, BIZWELL종로오피스텔) ",37.57443150201505,126.98877078302428
502261,디지털서울문화예술대학교,1100000000,서울특별시,1141000000,서대문구,1141011100,홍제동,"서울특별시 서대문구 통일로37길 60 (홍제동, 디지털서울문화예술대학교) ",37.5854870239929,126.94385495000738
502262,한양사이버대학교,1100000000,서울특별시,1120000000,성동구,1120010600,사근동,"서울특별시 성동구 왕십리로 220 (행당동, 한양사이버대학교) ",37.557245659010114,127.04755694700478
502263,사이버한국외국어대학교,1100000000,서울특별시,1123000000,동대문구,1123011000,이문동,"서울특별시 동대문구 이문로 107 (이문동, 한국외국어대학교) ",37.5972757379885,127.05831344500407
502264,화신사이버대학교,2600000000,부산광역시,2647000000,연제구,2647010200,연산동,"부산광역시 연제구 고분로191번길 1 (연산동, 화신사이버대학교) ",35.18574298800786,129.10325695002552
502265,글로벌사이버대학교,4400000000,충청남도,4413100000,천안시 동남구,4413125031,목천읍,"충청남도 천안시 동남구 목천읍 교천지산길 284-88 (지산리, 글로벌사이버대학교) ",36.79383875699995,127.19939587996748
502266,건양사이버대학교,3000000000,대전광역시,3017000000,서구,3017011600,관저동,"대전광역시 서구 관저동로 158 (관저동, 건양대학교병원) 건양사이버대학교",36.30682219303601,127.34264048696636
502267,한국과학기술원,3000000000,대전광역시,3020000000,유성구,3020012400,구성동,"대전광역시 유성구 대학로 291 (구성동, 한국과학기술원) ",36.36620891703607,127.36030146103292
502268,광주과학기술원,2900000000,광주광역시,2917000000,북구,2917014100,오룡동,"광주광역시 북구 첨단과기로 123 (오룡동, 광주과학기술원) ",35.22816181100634,126.84016122999712
502269,대구경북과학기술원,2700000000,대구광역시,2771000000,달성군,2771026521,현풍읍,대구광역시 달성군 현풍읍 테크노중앙대로 333 ,35.70492621298205,128.4562552490049
502270,한국예술종합학교,1100000000,서울특별시,1129000000,성북구,1129013900,석관동,"서울특별시 성북구 화랑로32길 146-37 (석관동, 한국종합예술학교) ",37.60545556500322,127.05862967695724
502271,경남도립거창대학,4800000000,경상남도,4888000000,거창군,4888025024,거창읍,"경상남도 거창군 거창읍 거창대학로 72 (대평리, 경남도립거창대학) ",35.67374002502663,127.91397933802268
502272,경남도립남해대학,4800000000,경상남도,4884000000,남해군,4884025021,남해읍,"경상남도 남해군 남해읍 화전로78번길 30 (남변리, 경남도립남해대학) ",34.83722053799194,127.89695936500178
502273,충북도립대학교,4300000000,충청북도,4373000000,옥천군,4373025036,옥천읍,충청북도 옥천군 옥천읍 대학길 15 (문정리) ,36.30012753097886,127.57264037402612
502274,가톨릭상지대학교,4700000000,경상북도,4717000000,안동시,4717010800,신세동,"경상북도 안동시 상지길 45 (율세동, 가톨릭상지대학교) ",36.56825374903479,128.7375451399922
502275,거제대학교,4800000000,경상남도,4831000000,거제시,4831031026,일운면,"경상남도 거제시 마전1길 91 (장승포동, 거제대학) ",34.85129237502882,128.72554086903767
502276,호산대학교,4700000000,경상북도,4729000000,경산시,4729025031,하양읍,"경상북도 경산시 하양읍 대경로105길 19 (부호리, 호산대학교) ",35.9017251639639,128.80068075496771
502277,경민대학교,4100000000,경기도,4115000000,의정부시,4115011000,가능동,"경기도 의정부시 서부로 545 (가능동, 경민대학) ",37.74530881197986,127.02317210495552
502278,영남외국어대학,4700000000,경상북도,4729000000,경산시,4729037022,남천면,"경상북도 경산시 남천면 남천로 780-9 (협석리, 영남외국어대학) ",35.78578055398006,128.7332552149611
502279,경인여자대학교,2800000000,인천광역시,2824500000,계양구,2824510200,계산동,"인천광역시 계양구 계양산로 63 (계산동, 경인여자대학) ",37.547921261004426,126.72356729404297
502280,계명문화대학교,2700000000,대구광역시,2729000000,달서구,2729010700,신당동,"대구광역시 달서구 달서대로 675 (신당동, 계명문화대학교) ",35.85934518296632,128.48843853204426
502281,계원예술대학교,4100000000,경기도,4143000000,의왕시,4143010700,내손동,"경기도 의왕시 계원대학로 66 (내손동, 계원예술대학교) ",37.37871817398883,126.98034110998756
502282,광양보건대학교,4600000000,전라남도,4623000000,광양시,4623025035,광양읍,"전라남도 광양시 광양읍 대학로 85 (덕례리, 광양보건대학) ",34.95346603500245,127.56897798600136
502283,광주보건대학교,2900000000,광주광역시,2920000000,광산구,2920011800,신창동,"광주광역시 광산구 북문대로419번길 73 (신창동, 광주보건대학) ",35.18939166898966,126.8463072459834
502284,구미대학교,4700000000,경상북도,4719000000,구미시,4719010500,부곡동,"경상북도 구미시 야은로 37 (부곡동, 구미대학교) ",36.15357522599022,128.29016876003294
502285,군장대학교,5200000000,전북특별자치도,5213000000,군산시,5213037024,성산면,"전라북도 군산시 성산면 군장대길 13 (도암리, 군장대학) ",35.99923946197853,126.78187907200514
502286,강동대학교,4300000000,충청북도,4377000000,음성군,4377037032,감곡면,"충청북도 음성군 감곡면 대학길 278 (단평리, 강동대학교) ",37.14316540898634,127.6461803030328
502287,나주대학교,4600000000,전라남도,4617000000,나주시,4617036025,다시면,"전라남도 나주시 다시면 백호로 125 (복암리, 고구려대학) ",35.007000674964786,126.6497060820359
502288,전주기전대학,5200000000,전북특별자치도,5211100000,전주시 완산구,5211112700,중화산동1가,"전라북도 전주시 완산구 전주천서로 267 (중화산동1가, 전주기전대학) ",35.81704616303216,127.136358450044
502289,경북보건대학교,4700000000,경상북도,4715000000,김천시,4715011000,삼락동,"경상북도 김천시 대학로 168 (삼락동, 경북보건대학교) ",36.13857438501963,128.08427810901873
502290,김포대학교,4100000000,경기도,4157000000,김포시,4157010300,운양동,경기도 김포시 모담공원로 10 (운양동) ,37.65143892102013,126.6793685330269
502291,농협대학교,4100000000,경기도,4128100000,고양시 덕양구,4128110200,원당동,"경기도 고양시 덕양구 서삼릉길 281 (원당동, 농협대학) ",37.658516011977376,126.8716064550431
502292,대경대학교,4700000000,경상북도,4729000000,경산시,4729033033,자인면,"경상북도 경산시 자인면 단북1길 65 (단북리, 대경대학) ",35.83600093002148,128.82292612397146
502293,대구공업대학교,2700000000,대구광역시,2729000000,달서구,2729012400,본동,"대구광역시 달서구 송현로 205 (본동, 대구공업대학) ",35.836282258963884,128.54147628399522
502294,대구보건대학교,2700000000,대구광역시,2723000000,북구,2723012600,태전동,"대구광역시 북구 영송로 15 (태전동, 대구보건대학) ",35.92792430897163,128.5425521380002
502295,대구과학대학교,2700000000,대구광역시,2723000000,북구,2723012600,태전동,"대구광역시 북구 영송로 47 (태전동, 대구과학대학) ",35.92944498596629,128.5427639169962
502296,대동대학교,2600000000,부산광역시,2641000000,금정구,2641010900,부곡동,"부산광역시 금정구 동부곡로27번길 88 (부곡동, 대동대학교) ",35.22913583796631,129.09591880704463
502297,대림대학교,4100000000,경기도,4117300000,안양시 동안구,4117310100,비산동,"경기도 안양시 동안구 임곡로 29 (비산동, 대림대학교) ",37.40485675998276,126.93068542399216
502298,대원대학교,4300000000,충청북도,4315000000,제천시,4315011200,신월동,"충청북도 제천시 대학로 316 (신월동, 대원대학) ",37.176864960011805,128.19062603700183
502299,동서울대학교,4100000000,경기도,4113100000,성남시 수정구,4113110700,복정동,"경기도 성남시 수정구 복정로 76 (복정동, 동서울대학) ",37.46038497000468,127.12874228701666
502300,대전보건대학교,3000000000,대전광역시,3011000000,동구,3011011400,가양동,"대전광역시 동구 충정로 21 (가양동, 대전보건대학) ",36.34907956298776,127.4530680379945
502301,우송정보대학,3000000000,대전광역시,3011000000,동구,3011011100,자양동,대전광역시 동구 백룡로 59(자양동 101-17) 우송정보대학 ,36.337371918010994,127.45322150797428
502302,대전과학기술대학교,3000000000,대전광역시,3017000000,서구,3017010100,복수동,"대전광역시 서구 혜천로 100 (복수동, 대전과학기술대학교) ",36.30185839199043,127.37578166299684
502303,아주자동차대학교,4400000000,충청남도,4418000000,보령시,4418031024,주포면,충청남도 보령시 주포면 대학길 106 ,36.40350779497412,126.57957076597972
502304,재능대학교,2800000000,인천광역시,2814000000,동구,2814010700,송림동,"인천광역시 동구 재능로 178 (송림동, 재능대학) ",37.47550633602506,126.6507583949702
502305,경북과학대학교,4700000000,경상북도,4785000000,칠곡군,4785037032,기산면,"경상북도 칠곡군 기산면 지산로 634 (봉산리, 경북과학대학교) ",35.98250302496724,128.34641074097792
502306,동남보건대학교,4100000000,경기도,4111100000,수원시 장안구,4111113000,정자동,"경기도 수원시 장안구 천천로74번길 50 (정자동, 동남보건전문대학) ",37.29970842501515,126.98711864404405
502307,동강대학교,2900000000,광주광역시,2917000000,북구,2917011400,두암동,"광주광역시 북구 동문대로 50 (풍향동, 동강대학) ",35.16787714699122,126.9263159899736
502308,동아방송예술대학교,4100000000,경기도,4155000000,안성시,4155041027,삼죽면,"경기도 안성시 삼죽면 동아예대길 47 (진촌리, 동아방송예술대학교) ",37.06079131697501,127.35798916299628
502309,동아보건대학교,4600000000,전라남도,4683000000,영암군,4683038027,학산면,"전라남도 영암군 학산면 영산로 76-57 (독천리, 동아보건대학교) ",34.73000193199248,126.56737822799442
502310,동양미래대학교,1100000000,서울특별시,1153000000,구로구,1153010600,고척동,"서울특별시 구로구 경인로 445 (고척동, 동양미래대학) ",37.50003835196747,126.86814091502626
502311,동원대학교,4100000000,경기도,4161000000,광주시,4161025923,곤지암읍,"경기도 광주시 곤지암읍 경충대로 26 (신촌리, 동원대학) ",37.32893895700504,127.40384800203351
502312,동의과학대학교,2600000000,부산광역시,2623000000,부산진구,2623010100,양정동,"부산광역시 부산진구 양지로 54 (양정동, 동의과학대학) ",35.16639064302376,129.07377232800104
502313,부산보건대학교,2600000000,부산광역시,2638000000,사하구,2638010100,괴정동,"부산광역시 사하구 사리로55번길 16 (괴정동, 동주대학) ",35.10472850299552,128.9970197519776
502314,두원공과대학교,4100000000,경기도,4155000000,안성시,4155040023,죽산면,"경기도 안성시 죽산면 관음당길 51 (장원리, 두원공과대학교) ",37.06571918702944,127.42376908498316
502315,마산대학교,4800000000,경상남도,4812700000,창원시 마산회원구,4812725024,내서읍,"경상남도 창원시 마산회원구 내서읍 함마대로 2640 (용담리, 마산대학) ",35.2589013309873,128.50408126798916
502316,명지전문대학,1100000000,서울특별시,1141000000,서대문구,1141011800,홍은동,"서울특별시 서대문구 가좌로 134 (홍은동, 명지전문대학) ",37.58409645199415,126.92606231696632
502317,목포과학대학교,4600000000,전라남도,4611000000,목포시,4611015900,용해동,"전라남도 목포시 영산로 413-1 (상동, 목포과학대학) ",34.80764047602088,126.4091051299552
502318,문경대학교,4700000000,경상북도,4728000000,문경시,4728033022,호계면,경상북도 문경시 호계면 대학길 161 (별암리) ,36.65881988700409,128.17242151598256
502319,배화여자대학교,1100000000,서울특별시,1111000000,종로구,1111011000,누하동,"서울특별시 종로구 필운대로1길 34 (필운동, 배화여자대학) ",37.579015369009504,126.9681947110024
502320,백제예술대학교,5200000000,전북특별자치도,5271000000,완주군,5271025321,봉동읍,"전라북도 완주군 봉동읍 백제대학로 171 (제내리, 백제예술대학) ",35.99496754398492,127.12637835399715
502321,부산경상대학교,2600000000,부산광역시,2647000000,연제구,2647010200,연산동,"부산광역시 연제구 고분로 170 (연산동, 부산경상대학) ",35.185218039968795,129.09888787802802
502322,부산여자대학교,2600000000,부산광역시,2623000000,부산진구,2623010100,양정동,"부산광역시 부산진구 진남로 506 (양정동, 부산여자대학) ",35.16904509099392,129.07275870101446
502323,부산과학기술대학교,2600000000,부산광역시,2632000000,북구,2632010500,구포동,"부산광역시 북구 시랑로132번길 88 (구포동, 부산과학기술대학교) ",35.19587799000177,129.00393626600865
502324,부천대학교,4100000000,경기도,4119200000,부천시 원미구,4119210200,심곡동,"경기도 부천시 원미구 신흥로56번길 25 (심곡동, 부천대학) ",37.48983165897869,126.77982989599494
502325,삼육보건대학교,1100000000,서울특별시,1123000000,동대문구,1123010900,휘경동,"서울특별시 동대문구 망우로 82 (휘경동, 삼육보건대학) 삼육보건대학교",37.58875885298508,127.06583320595551
502326,서울예술대학교,4100000000,경기도,4127300000,안산시 단원구,4127310100,고잔동,"경기도 안산시 단원구 예술대학로 171 (고잔동, 서울예술대학) ",37.33441026403526,126.83683648203645
502327,서일대학교,1100000000,서울특별시,1126000000,중랑구,1126010100,면목동,서울특별시 중랑구 용마산로90길 28 (면목동) ,37.586082206000256,127.0972231389771
502328,수원여자대학교,4100000000,경기도,4111300000,수원시 권선구,4111312900,오목천동,"경기도 수원시 권선구 온정로 72 (오목천동, 수원여자대학) ",37.25125449402563,126.96424744195843
502329,수원과학대학교,4100000000,경기도,4159000000,화성시,4159041023,정남면,"경기도 화성시 정남면 세자로 288 (보통리, 수원과학대학) ",37.19198156503385,126.98149062198308
502330,순천제일대학교,4600000000,전라남도,4615000000,순천시,4615012700,덕월동,"전라남도 순천시 제일대학길 17 (덕월동, 순천제일대학) ",34.934692137989536,127.48564799999536
502331,숭의여자대학교,1100000000,서울특별시,1114000000,중구,1114014200,예장동,"서울특별시 중구 소파로2길 10 (예장동, 숭의여자대학) ",37.55733170897288,126.98759899002496
502332,신구대학교,4100000000,경기도,4113300000,성남시 중원구,4113310300,금광동,"경기도 성남시 중원구 광명로 377 (금광동, 신구대학) ",37.448015448032464,127.16936341398892
502333,신성대학교,4400000000,충청남도,4427000000,당진시,4427034034,정미면,"충청남도 당진시 정미면 대학로 1 (덕마리, 신성대학교) ",36.85249308399393,126.59331936902392
502334,신안산대학교,4100000000,경기도,4127300000,안산시 단원구,4127310700,초지동,"경기도 안산시 단원구 신안산대학로 135 (초지동, 신안산대학교) ",37.30912906199391,126.80798007003608
502335,안산대학교,4100000000,경기도,4127100000,안산시 상록구,4127110100,일동,"경기도 안산시 상록구 안산대학로 155 (일동, 안산대학교) ",37.30928704296896,126.87805811597762
502336,동원과학기술대학교,4800000000,경상남도,4833000000,양산시,4833010500,명곡동,"경상남도 양산시 명곡로 321 (명곡동, 동원과학기술대학교) ",35.34362796099865,129.06871325500325
502337,여주대학교,4100000000,경기도,4167000000,여주시,4167010800,교동,"경기도 여주시 세종로 338 (교동, 여주대학교) ",37.26929653196502,127.63286370897156
502338,연암대학교,4400000000,충청남도,4413300000,천안시 서북구,4413325035,성환읍,"충청남도 천안시 서북구 성환읍 연암로 313 (수향리, 천안연암대학) ",36.94873649901343,127.15403507797298
502339,영남이공대학교,2700000000,대구광역시,2720000000,남구,2720010300,대명동,"대구광역시 남구 현충로 170 (대명동, 영남이공대학) ",35.8456568139934,128.58442353497463
502340,강릉영동대학교,5100000000,강원특별자치도,5115000000,강릉시,5115010100,홍제동,강원특별자치도 강릉시 공제로 357 (홍제동) ,37.745734401991854,128.8579607359896
502341,세경대학교,5100000000,강원특별자치도,5175000000,영월군,5175025022,영월읍,강원특별자치도 영월군 영월읍 하송로 197 ,37.17434042498656,128.4547394060128
502342,영진전문대학교,2700000000,대구광역시,2723000000,북구,2723011200,복현동,"대구광역시 북구 복현로 35 (복현동, 영진전문대학) ",35.89674053996898,128.6219261769671
502343,용인예술과학대학교,4100000000,경기도,4146100000,용인시 처인구,4146110700,마평동,"경기도 용인시 처인구 동부로 61 (마평동, 용인송담대학교) ",37.229039265009554,127.21708328498494
502344,울산과학대학교,3100000000,울산광역시,3117000000,동구,3117010200,화정동,"울산광역시 동구 봉수로 101 (화정동, 울산과학대학동부캠퍼스) ",35.49813338697436,129.41746094297187
502345,한국영상대학교,3600000000,세종특별자치시,3611000000,,3611035025,장군면,"세종특별자치시 장군면 대학길 300 (금암리, 한국영상대학) ",36.46355565098631,127.2092404310177
502346,원광보건대학교,5200000000,전북특별자치도,5214000000,익산시,5214012000,신용동,"전라북도 익산시 익산대로 514 (신용동, 원광보건대학) ",35.97125924297745,126.95458929097036
502347,유한대학교,4100000000,경기도,4119400000,부천시 소사구,4119410400,괴안동,"경기도 부천시 소사구 경인로 590 (괴안동, 유한대학) ",37.48742309001582,126.82142805303826
502348,인덕대학교,1100000000,서울특별시,1135000000,노원구,1135010200,월계동,"서울특별시 노원구 초안산로 12 (월계동, 인덕대학) ",37.63245921798921,127.05604152498182
502349,장안대학교,4100000000,경기도,4159000000,화성시,4159025321,봉담읍,"경기도 화성시 봉담읍 삼천병마로 1182 (상리, 장안대학) ",37.212990538982005,126.9474710800052
502350,전남과학대학교,4600000000,전라남도,4672000000,곡성군,4672037025,옥과면,전라남도 곡성군 옥과면 대학로 113 (옥과리) ,35.27448777599603,127.13175293301954
502351,전주비전대학교,5200000000,전북특별자치도,5211100000,전주시 완산구,5211114100,효자동2가,"전라북도 전주시 완산구 천잠로 235 (효자동2가, 전주비전대학) ",35.80794012500237,127.0914046139786
502352,전북과학대학교,5200000000,전북특별자치도,5218000000,정읍시,5218011400,신월동,전북특별자치도 정읍시 정읍사로 509 (시기동) ,35.546986048020926,126.86074315400408
502353,제주관광대학교,5000000000,제주특별자치도,5011000000,제주시,5011025321,애월읍,"제주특별자치도 제주시 애월읍 평화로 2715 (광령리, 제주관광대학) ",33.44705574900307,126.43453417503822
502354,조선이공대학교,2900000000,광주광역시,2911000000,동구,2911011800,서석동,광주광역시 동구 조선이공대길 11(서석동) 조선이공대학교 ,35.13981959696839,126.93165801701456
502355,충북보건과학대학교,4300000000,충청북도,4311400000,청주시 청원구,4311425024,내수읍,"충청북도 청주시 청원구 내수읍 덕암길 10 (덕암리, 충북보건과학대학교) ",36.701750682028376,127.55278636899742
502356,진주보건대학교,4800000000,경상남도,4817000000,진주시,4817012800,유곡동,"경상남도 진주시 의병로 51 (상봉동, 진주보건대학) ",35.19748936102997,128.06803263001845
502357,창원문성대학교,4800000000,경상남도,4812300000,창원시 성산구,4812313800,두대동,경상남도 창원시 성산구 충혼로 91(두대동) ,35.23442415897752,128.65964072704344
502358,백석문화대학교,4400000000,충청남도,4413100000,천안시 동남구,4413111900,안서동,충청남도 천안시 동남구 백석대학로 1 (안서동) ,36.83883153597802,127.18252048998306
502359,청강문화산업대학교,4100000000,경기도,4150000000,이천시,4150034032,마장면,"경기도 이천시 마장면 청강가창로 389-94 (해월리, 청강문화산업대학) ",37.20645478898496,127.35649672498012
502360,춘해보건대학교,3100000000,울산광역시,3171000000,울주군,3171034023,웅촌면,"울산광역시 울주군 웅촌면 대학길 9 (곡천리, 춘해보건대학) ",35.45830417898757,129.19752458802154
502361,대덕대학교,3000000000,대전광역시,3020000000,유성구,3020012800,장동,"대전광역시 유성구 가정북로 68 (장동, 대덕대학) ",36.39132388597114,127.36556528002656
502362,충청대학교,4300000000,충청북도,4311300000,청주시 흥덕구,4311331034,강내면,"충청북도 청주시 흥덕구 강내면 월곡길 38 (월곡리, 충청대학) ",36.62148506197703,127.36714047102636
502363,국제대학교,4100000000,경기도,4122000000,평택시,4122010800,장안동,"경기도 평택시 장안웃길 56 (장안동, 국제대학교) ",37.06608390696517,127.08110607702132
502364,선린대학교,4700000000,경상북도,4711300000,포항시 북구,4711325046,흥해읍,경상북도 포항시 북구 흥해읍 선린대길 30 선린대학교,36.09187028199864,129.33233530996304
502365,한림성심대학교,5100000000,강원특별자치도,5111000000,춘천시,5111031023,동면,강원특별자치도 춘천시 동면 장학길 48 ,37.898610336007685,127.75661485202684
502366,한양여자대학교,1100000000,서울특별시,1120000000,성동구,1120010600,사근동,"서울특별시 성동구 살곶이길 200 (사근동, 한양여자대학) ",37.55825724296636,127.04952785900264
502367,한영대학교,4600000000,전라남도,4613000000,여수시,4613011900,여서동,"전라남도 여수시 장군산길 18-43 (여서동, 한영대학) ",34.75371364096649,127.71488749101484
502368,혜전대학교,4400000000,충청남도,4480000000,홍성군,4480025026,홍성읍,충청남도 홍성군 홍성읍 대학1길 19 ,36.57978592100088,126.65916996300132
502369,경기과학기술대학교,4100000000,경기도,4139000000,시흥시,4139013200,정왕동,"경기도 시흥시 경기과기대로 269 (정왕동, 경기과학기술대학교) ",37.33862553800491,126.73586849098736
502370,부산예술대학교,2600000000,부산광역시,2629000000,남구,2629010600,대연동,"부산광역시 남구 못골번영로71번길 74 (대연동, 부산예술대학) ",35.14265801099355,129.08486452399654
502371,전남도립대학교,4600000000,전라남도,4671000000,담양군,4671025027,담양읍,"전라남도 담양군 담양읍 죽녹원로 152 (향교리, 전남도립대학) ",35.32603622299173,126.9892474130342
502372,송호대학교,5100000000,강원특별자치도,5173000000,횡성군,5173025034,횡성읍,강원특별자치도 횡성군 횡성읍 남산로 210 ,37.47080986201341,128.001215939006
502373,한국관광대학교,4100000000,경기도,4150000000,이천시,4150031029,신둔면,"경기도 이천시 신둔면 이장로311번길 197-73 (고척리, 한국관광대학) ",37.28231817001316,127.37705845000858
502374,서정대학교,4100000000,경기도,4163000000,양주시,4163031021,은현면,경기도 양주시 은현면 서정로 27 ,37.85624220100228,127.0381118519679
502375,송곡대학교,5100000000,강원특별자치도,5111000000,춘천시,5111040025,남산면,강원특별자치도 춘천시 남산면 송곡대학길 34 ,37.79173254000944,127.6496639539841
502376,웅지세무대학교,4100000000,경기도,4148000000,파주시,4148032028,탄현면,"경기도 파주시 탄현면 웅지로144번길 73 (금승리, 웅지세무대학) ",37.81874353902549,126.73572454898869
502377,김해대학교,4800000000,경상남도,4825000000,김해시,4825011900,삼방동,"경상남도 김해시 삼안로112번길 198 (삼방동, 김해대학교) ",35.254141197969446,128.9130459189733
502378,한국승강기대학교,4800000000,경상남도,4888000000,거창군,4888025026,거창읍,"경상남도 거창군 거창읍 운정1길 120 (송정리, 한국승강기대학) ",35.67472554599551,127.8966789329788
502379,영진사이버대학교,2700000000,대구광역시,2723000000,북구,2723011200,복현동,"대구광역시 북구 복현로 35 (복현동, 영진전문대학) ",35.89674053996898,128.6219261769671
502380,한국복지사이버대학교,4700000000,경상북도,4729000000,경산시,4729037022,남천면,경상북도 경산시 남천면 남천로 746-10 (협석리) ,35.78480359198573,128.72930749298655
502381,한국골프과학기술대학교,5100000000,강원특별자치도,5173000000,횡성군,5173031028,우천면,강원특별자치도 횡성군 우천면 하대5길 109 한국골프과학기술대학교,37.46715384298968,128.07667562903995
502382,ICT폴리텍대학,4100000000,경기도,4161000000,광주시,4161011200,역동,경기도 광주시 순암로 16-26 (역동) ICT폴리텍대학,37.396317995987054,127.24860536198148
502383,한국폴리텍 I 대학 서울정수캠퍼스,1100000000,서울특별시,1117000000,용산구,1117013600,보광동,"서울특별시 용산구 보광로 73 (보광동, 한국폴리텍1대학서울정수캠퍼스) ",37.528435717034704,126.99662905100382
502384,한국폴리텍 I 대학 서울강서캠퍼스,1100000000,서울특별시,1150000000,강서구,1150010300,화곡동,"서울특별시 강서구 우장산로10길 112 (화곡동, 한국폴리텍Ⅰ서울강서대학) ",37.54924227701252,126.84244517396944
502385,한국폴리텍 I 대학 성남캠퍼스,4100000000,경기도,4113100000,성남시 수정구,4113110500,산성동,"경기도 성남시 수정구 수정로 398 (산성동, 한국폴리텍I대학성남캠퍼스) ",37.4589091289826,127.15331265102488
502386,한국폴리텍 II 대학 인천캠퍼스,2800000000,인천광역시,2823700000,부평구,2823710900,구산동,"인천광역시 부평구 무네미로448번길 56 (구산동, 한국폴리텍Ⅱ대학) ",37.47826590196868,126.75534849502392
502387,한국폴리텍 II 대학 남인천캠퍼스,2800000000,인천광역시,2817700000,미추홀구,2817710500,주안동,인천광역시 미추홀구 염전로333번길 23 (주안동),37.47201063996823,126.67734474403548
502388,한국폴리텍 III 대학 춘천캠퍼스,5100000000,강원특별자치도,5111000000,춘천시,5111032023,동산면,강원특별자치도 춘천시 동산면 영서로 1290-31 ,37.79976438001514,127.78080177698322
502389,한국폴리텍 III 대학 강릉캠퍼스,5100000000,강원특별자치도,5115000000,강릉시,5115012100,노암동,강원특별자치도 강릉시 남산초교길 121 (노암동) 한국폴리텍대학 강릉캠퍼스,37.73758498499281,128.88913004403506
502390,한국폴리텍 IV 대학 대전캠퍼스,3000000000,대전광역시,3011000000,동구,3011011400,가양동,"대전광역시 동구 우암로 352-21 (가양동, 한국폴리텍IV대학) ",36.35080133500471,127.45568693400205
502391,한국폴리텍 IV 대학 청주캠퍼스,4300000000,충청북도,4311300000,청주시 흥덕구,4311311600,송정동,"충청북도 청주시 흥덕구 산단로 54 (송정동, 한국폴리텍Ⅳ대학청주캠퍼스) ",36.63937770100827,127.44891584401026
502392,한국폴리텍 IV 대학 아산캠퍼스,4400000000,충청남도,4420000000,아산시,4420041025,신창면,"충청남도 아산시 신창면 행목로 45 (행목리, 한국폴리텍Ⅳ대학아산캠퍼스) ",36.77262369799488,126.949849207035
502393,한국폴리텍 IV 대학 충남캠퍼스,4400000000,충청남도,4480000000,홍성군,4480025026,홍성읍,충청남도 홍성군 홍성읍 충서로 1200 한국폴리텍대학 충남캠퍼스,36.58283770797611,126.65656617998064
502394,한국폴리텍 V 대학 광주캠퍼스,2900000000,광주광역시,2917000000,북구,2917010900,운암동,"광주광역시 북구 하서로 85 (운암동, 한국폴리텍V대학) ",35.184234635989114,126.87961835101608
502395,한국폴리텍 V 대학 전북캠퍼스,5200000000,전북특별자치도,5221000000,김제시,5221010600,백학동,"전라북도 김제시 백학제길 154 (백학동, 한국폴리텍V대학) ",35.81063716503305,126.94017699696352
502396,한국폴리텍 V 대학 전남캠퍼스,4600000000,전라남도,4684000000,무안군,4684033027,청계면,전라남도 무안군 청계면 영산로 1854-16 한국폴리텍V대학 전남캠퍼스,34.92323485599579,126.4301668250213
502397,한국폴리텍 V 대학 익산캠퍼스,5200000000,전북특별자치도,5214000000,익산시,5214012300,어양동,"전라북도 익산시 선화로 579 (어양동, 한국폴리텍V대학) ",35.95115242897376,126.99149147899442
502398,한국폴리텍 VI 대학 대구캠퍼스,2700000000,대구광역시,2717000000,서구,2717010300,평리동,"대구광역시 서구 국채보상로43길 15 (평리동, 한국폴리텍6대학) ",35.872871338028546,128.5529921609622
502399,한국폴리텍 VI 대학 구미캠퍼스,4700000000,경상북도,4719000000,구미시,4719011300,공단동,"경상북도 구미시 수출대로3길 84 (공단동, 한국폴리텍ⅵ대학구미캠퍼스) ",36.11764903500747,128.37389697899604
502400,한국폴리텍 VII 대학 창원캠퍼스,4800000000,경상남도,4812300000,창원시 성산구,4812312500,중앙동,"경상남도 창원시 성산구 외동반림로 51-88 (중앙동, 한국폴리텍VII대학) ",35.22602841002092,128.6691554199553
502401,한국폴리텍 VII 대학 부산캠퍼스,2600000000,부산광역시,2632000000,북구,2632010400,덕천동,"부산광역시 북구 만덕대로155번길 99 (덕천동, 한국폴리텍VII대학부산캠퍼스) ",35.216612441028545,129.0197601469611
502402,한국폴리텍 VII 대학 울산캠퍼스,3100000000,울산광역시,3111000000,중구,3111011300,동동,"울산광역시 중구 산전길 155 (동동, 한국폴리텍7대학울산캠퍼스) ",35.579725707002886,129.34746704401962
502403,한국폴리텍 특성화대학 바이오캠퍼스,4400000000,충청남도,4423000000,논산시,4423025033,강경읍,충청남도 논산시 강경읍 동안로112번길 48 ,36.14509567998638,127.02099213397048
502404,한국폴리텍 VI 대학 영남융합기술캠퍼스,2700000000,대구광역시,2714000000,동구,2714010500,봉무동,대구광역시 동구 팔공로 222(봉무동) ,35.91975787698028,128.64329984902616
502405,한국폴리텍 특성화대학 반도체융합캠퍼스,4100000000,경기도,4155000000,안성시,4155025029,공도읍,경기도 안성시 공도읍 송원길 41-12 ,37.00806173002003,127.17687197097246
502406,한국폴리텍 특성화대학 항공캠퍼스,4800000000,경상남도,4824000000,사천시,4824011200,이금동,"경상남도 사천시 대학길 46 (이금동, 한국폴리텍항공대학) ",34.94784339997224,128.10798714201186
502702,경동대학교,5100000000,강원특별자치도,5121000000,속초시,5121010700,노학동,강원특별자치도 속초시 도리원길 5 (노학동) ,38.192342218979,128.554170515975
502703,경동대학교,5100000000,강원특별자치도,5113000000,원주시,5113025027,문막읍,강원특별자치도 원주시 문막읍 견훤로 815 ,37.264732404028656,127.79230330003976
502733,강원도립대학교,5100000000,강원특별자치도,5115000000,강릉시,5115025022,주문진읍,강원특별자치도 강릉시 주문진읍 연주로 270 ,37.87672178597553,128.8311738100097
502734,경남정보대학교,2600000000,부산광역시,2653000000,사상구,2653010600,주례동,"부산광역시 사상구 주례로 45 (주례동, 경남정보대학교) ",35.146557078994206,129.01120853202633
502735,경복대학교,4100000000,경기도,4136000000,남양주시,4136025328,진접읍,"경기도 남양주시 진접읍 경복대로 425 (금곡리, 경복대학교) ",37.735102834005296,127.21160361295578
502736,경북전문대학교,4700000000,경상북도,4721000000,영주시,4721010400,휴천동,"경상북도 영주시 대학로 77 (휴천동, 경북전문대학교) ",36.80402510800888,128.61564114300748
502737,서영대학교,2900000000,광주광역시,2917000000,북구,2917010900,운암동,"광주광역시 북구 서강로 1 (운암동, 서영대학교) ",35.174960032965934,126.86945604096653
502738,성운대학교,4700000000,경상북도,4723000000,영천시,4723032024,신녕면,"경상북도 영천시 신녕면 대학길 105 (화남리, 성덕대학교) ",36.06391186401671,128.7614763770201
502739,수성대학교,2700000000,대구광역시,2726000000,수성구,2726010200,만촌동,"대구광역시 수성구 달구벌대로528길 15 (만촌동, 수성대학교) ",35.85397237301475,128.64812433004178
502740,안동과학대학교,4700000000,경상북도,4717000000,안동시,4717033028,서후면,"경상북도 안동시 서후면 서선길 189 (교리, 안동과학대학교) ",36.58966681600867,128.65589800798293
502741,연성대학교,4100000000,경기도,4117100000,안양시 만안구,4117110100,안양동,"경기도 안양시 만안구 양화로37번길 34 (안양동, 연성대학교) ",37.39641920201208,126.90701103596524
502742,연암공과대학교,4800000000,경상남도,4817000000,진주시,4817013100,가좌동,"경남 진주시 진주대로 629번길 35(가좌동, 연암공과대학교) ",35.16531152002739,128.09809512497017
502743,오산대학교,4100000000,경기도,4137000000,오산시,4137010500,청학동,"경기도 오산시 청학로 45 (청학동, 오산대학) ",37.156529824029306,127.0611954839688
502744,인하공업전문대학,2800000000,인천광역시,2817700000,미추홀구,2817710300,학익동,"인천광역시 미추홀구 인하로 100 (용현동, 인하대,인하공전,정석항공고) 인하공업전문대학",37.44822181102106,126.65865812801545
502745,제주한라대학교,5000000000,제주특별자치도,5011000000,제주시,5011012200,노형동,"제주특별자치도 제주시 한라대학로 38 (노형동, 제주한라대학) ",33.47716486301577,126.47486627499669
502746,청암대학교,4600000000,전라남도,4615000000,순천시,4615012700,덕월동,"전라남도 순천시 녹색로 1641 (덕월동, 순천청암대학) ",34.92852906598985,127.4902303730045
502747,충남도립대학교,4400000000,충청남도,4479000000,청양군,4479025024,청양읍,"충청남도 청양군 청양읍 학사길 55 (벽천리, 충남도립대학교) ",36.438191590034805,126.80178353396605
502748,포항대학교,4700000000,경상북도,4711300000,포항시 북구,4711325035,흥해읍,경상북도 포항시 북구 흥해읍 포항대학로 7 ,36.0868180159857,129.41082266197782
502749,인천대학교,2800000000,인천광역시,2818500000,연수구,2818510600,송도동,"인천광역시 연수구 아카데미로 119 (송도동, 인천대학교) ",37.37803463500687,126.63251429696427
502760,한국폴리텍 VI 대학 영주캠퍼스,4700000000,경상북도,4721000000,영주시,4721010600,문정동,"경상북도 영주시 가흥로 2 (문정동, 한국폴리텍VI대학) ",36.8009425869924,128.6009107949946
502765,KDB금융대학교,1100000000,서울특별시,1156000000,영등포구,1156011000,여의도동,"서울특별시 영등포구 은행로 14 (여의도동, 산업은행본점) ",37.52715167298513,126.92089666496862
502769,신한대학교,4100000000,경기도,4125000000,동두천시,4125011200,상패동,"경기도 동두천시 벌마들로40번길 30 (상패동, 신한대학교) ",37.903870611000265,127.03788749503074
502776,단국대학교,4400000000,충청남도,4413100000,천안시 동남구,4413111900,안서동,"충청남도 천안시 동남구 단대로 119 (안서동, 단국대학교천안캠퍼스) ",36.84005658500494,127.17171485800051
502784,경동대학교,4100000000,경기도,4163000000,양주시,4163011500,고암동,경기도 양주시 경동대학로 27 (고암동) ,37.80946173403293,127.07052974001505
502786,가야대학교(김해),4800000000,경상남도,4825000000,김해시,4825010700,삼계동,경상남도 김해시 삼계로 208 (삼계동) ,35.26938366997692,128.87378047400176
502787,가야대학교(고령),4700000000,경상북도,4783000000,고령군,4783025326,대가야읍,"경상북도 고령군 대가야읍 대가야로 1103 (지산리, 가야대학교) ",35.715369338027166,128.25217578396146
502791,신한대학교,4100000000,경기도,4115000000,의정부시,4115010200,호원동,"경기도 의정부시 호암로 95 (호원동, 신한대학교) ",37.71085547002067,127.04572257201308
502817,한국폴리텍 III 대학 원주캠퍼스,5100000000,강원특별자치도,5113000000,원주시,5113011100,우산동,강원특별자치도 원주시 북원로2425번길 73 (우산동) ,37.36231517401605,127.93332971696034
502853,을지대학교,4100000000,경기도,4115000000,의정부시,4115010900,금오동,경기도 의정부시 동일로 712 (금오동) ,37.75295196903198,127.05333382700502
502854,한국폴리텍 I 대학 제주캠퍼스,5000000000,제주특별자치도,5011000000,제주시,5011011700,아라일동,"제주특별자치도 제주시 산천단동3길 2 (아라일동, 한국폴리택대학제주캠퍼스) ",33.44741625200096,126.5614075859688
502876,홍익대학교,3600000000,세종특별자치시,3611000000,,3611025032,조치원읍,"세종특별자치시 조치원읍 세종로 2639 (신안리, 홍익대학교세종캠퍼스) ",36.62177270101253,127.28368953899458
502884,상명대학교,4400000000,충청남도,4413100000,천안시 동남구,4413111900,안서동,"충청남도 천안시 동남구 상명대길 31 (안서동, 상명대학교천안캠퍼스) ",36.83232428698479,127.18030955398036
502888,군산간호대학교,5200000000,전북특별자치도,5213000000,군산시,5213013900,개정동,"전라북도 군산시 동개정길 7 (개정동, 군산간호대학교) ",35.970581519013656,126.76052133399304
502889,기독간호대학교,2900000000,광주광역시,2915500000,남구,2915511300,양림동,"광주광역시 남구 백서로70번길 6 (양림동, 기독간호대학) ",35.13830779798269,126.91586886304452
502890,서울여자간호대학교,1100000000,서울특별시,1141000000,서대문구,1141011100,홍제동,"서울특별시 서대문구 간호대로 38 (홍제동, 서울여자간호대학교) ",37.5973326749915,126.94761890703782
502891,조선간호대학교,2900000000,광주광역시,2911000000,동구,2911011800,서석동,광주광역시 동구 조선대2길 70(서석동) 조선간호대학교,35.13780182303108,126.92879136798724
502892,한국폴리텍 V 대학 순천캠퍼스,4600000000,전라남도,4615000000,순천시,4615013300,조례동,"전라남도 순천시 기적의도서관1길 41 (조례동, 한국폴리텍대학순천캠퍼스) ",34.95234508902362,127.52560882400113
502921,한국농수산대학교,5200000000,전북특별자치도,5211300000,전주시 덕진구,5211313800,중동,전라북도 전주시 덕진구 콩쥐팥쥐로 1515(중동) ,35.826102424005434,127.06936808899526
502924,한국전통문화대학교,4400000000,충청남도,4476000000,부여군,4476031026,규암면,"충청남도 부여군 규암면 백제문로 367 (합정리, 한국전통문화대학교) ",36.30831284703415,126.89808787702046
502992,한국폴리텍 특성화대학 로봇캠퍼스,4700000000,경상북도,4723000000,영천시,4723011000,화룡동,경상북도 영천시 로봇캠퍼스로 1 (화룡동) ,35.97282793197113,128.92186187099577
502993,한국폴리텍 II 대학 화성캠퍼스,4100000000,경기도,4159000000,화성시,4159036034,팔탄면,경기도 화성시 팔탄면 제암고주로 108 ,37.13150777799612,126.88966291995932
503014,한국에너지공과대학교,4600000000,전라남도,4617000000,나주시,4617013400,빛가람동,전라남도 나주시 켄텍길 21(빛가람동) ,35.010573411031544,126.8033467279652
503030,한국폴리텍 VII 대학 진주캠퍼스,4800000000,경상남도,4817000000,진주시,4817012000,하대동,경상남도 진주시 모덕로 299(하대동) 한국폴리텍대학 진주캠퍼스,35.18989689501357,128.12786500898943
503036,한국폴리텍 VII 대학 동부산캠퍼스,2600000000,부산광역시,2671000000,기장군,2671025625,정관읍,부산광역시 기장군 정관읍 산단4로 2-69 ,35.312046310969656,129.18129597399243
503554,태재대학교,1100000000,서울특별시,1111000000,종로구,1111014900,원서동,서울특별시 종로구 창덕궁5길 22-8 (원서동) ,37.58359619997106,126.98853833002062
503563,영산대학교(해운대),2600000000,부산광역시,2635000000,해운대구,2635010100,반송동,부산광역시 해운대구 반송순환로 142 (반송동) 영산대학교 해운대캠퍼스,35.223772643969326,129.15741770495745
503564,영산대학교(양산),4800000000,경상남도,4833000000,양산시,4833011600,주남동,경상남도 양산시 주남로 288 (주남동) 영산대학교 양산캠퍼스,35.42681341098041,129.14910375999233
